{
  "Bleu_1": 0.5870807382435205,
  "Bleu_2": 0.37020295296436795,
  "Bleu_3": 0.2356836195411125,
  "Bleu_4": 0.1522336281660077,
  "METEOR": 0.18493841235154254,
  "ROUGE_L": 0.3985824286013991,
  "CIDEr": 0.45918951757234583,
  "SPICE": 0.1320093827027541
}