{
  "Bleu_1": 0.5867496972841983,
  "Bleu_2": 0.36995731654174774,
  "Bleu_3": 0.23708001477158916,
  "Bleu_4": 0.15519513732938506,
  "METEOR": 0.1846397579281462,
  "ROUGE_L": 0.39803580978513525,
  "CIDEr": 0.46630899812098264,
  "SPICE": 0.13262361097238468
}