{
  "kde": {
    "low": {
      "Bleu_1": 0.7080690153941377,
      "Bleu_2": 0.5232452459454797,
      "Bleu_3": 0.3903579051053522,
      "Bleu_4": 0.29572692179089866,
      "METEOR": 0.2422161682121249,
      "ROUGE_L": 0.5127761558447804,
      "CIDEr": 0.7851329814353905,
      "SPICE": 0.17383476389576166,
      "BLEU_HM": 0.4316535396008115,
      "final_score": 0.3242196513418248,
      "num_images": 5425,
      "num_gt_annotations": 27125
    },
    "med": {
      "Bleu_1": 0.7071029112005066,
      "Bleu_2": 0.5193251172964585,
      "Bleu_3": 0.38367436205407107,
      "Bleu_4": 0.28757018831048026,
      "METEOR": 0.23849735696809068,
      "ROUGE_L": 0.513194438825755,
      "CIDEr": 0.7996142517245096,
      "SPICE": 0.17392661832766299,
      "BLEU_HM": 0.42446685668892686,
      "final_score": 0.322631672033293,
      "num_images": 2196,
      "num_gt_annotations": 10980
    },
    "high": {
      "Bleu_1": 0.7091685836343381,
      "Bleu_2": 0.5279878495670661,
      "Bleu_3": 0.3925915345412967,
      "Bleu_4": 0.29709739550646186,
      "METEOR": 0.23449973980633926,
      "ROUGE_L": 0.5064098325321037,
      "CIDEr": 0.770166792007025,
      "SPICE": 0.16127781758913604,
      "BLEU_HM": 0.4339730986215697,
      "final_score": 0.3116765248619021,
      "num_images": 349,
      "num_gt_annotations": 1745
    },
    "very_high": {
      "Bleu_1": 0.6483790523674604,
      "Bleu_2": 0.4721020008967144,
      "Bleu_3": 0.35142044291276797,
      "Bleu_4": 0.25816964297551226,
      "METEOR": 0.2057750025645247,
      "ROUGE_L": 0.4576310480527434,
      "CIDEr": 0.7003033627159758,
      "SPICE": 0.14167200140406028,
      "BLEU_HM": 0.38537463253864945,
      "final_score": 0.2758433328676056,
      "num_images": 49,
      "num_gt_annotations": 245
    }
  },
  "knn": {
    "low": {
      "Bleu_1": 0.7037851184919539,
      "Bleu_2": 0.517452958392472,
      "Bleu_3": 0.38508503826178786,
      "Bleu_4": 0.291482572125525,
      "METEOR": 0.24052453903515916,
      "ROUGE_L": 0.5110902729084572,
      "CIDEr": 0.7768926366629566,
      "SPICE": 0.17411871984688063,
      "BLEU_HM": 0.4263939145394017,
      "final_score": 0.322792695179222,
      "num_images": 3710,
      "num_gt_annotations": 18550
    },
    "med": {
      "Bleu_1": 0.7134303091102667,
      "Bleu_2": 0.5285746112307707,
      "Bleu_3": 0.3936708086275808,
      "Bleu_4": 0.29738709947665015,
      "METEOR": 0.24329118209402045,
      "ROUGE_L": 0.5160288929453355,
      "CIDEr": 0.8054764593557283,
      "SPICE": 0.17434818720212727,
      "BLEU_HM": 0.4349540763521439,
      "final_score": 0.32627661179801415,
      "num_images": 3628,
      "num_gt_annotations": 18140
    },
    "high": {
      "Bleu_1": 0.7008954086491329,
      "Bleu_2": 0.51856834097119,
      "Bleu_3": 0.38420764874503527,
      "Bleu_4": 0.28733504985013747,
      "METEOR": 0.2308445963182711,
      "ROUGE_L": 0.5050782133404551,
      "CIDEr": 0.7967916795762465,
      "SPICE": 0.1628718728779067,
      "BLEU_HM": 0.4238118974475794,
      "final_score": 0.3112128226622982,
      "num_images": 607,
      "num_gt_annotations": 3035
    },
    "very_high": {
      "Bleu_1": 0.6590909090898391,
      "Bleu_2": 0.46785283986647924,
      "Bleu_3": 0.3344677315065091,
      "Bleu_4": 0.24010910233220398,
      "METEOR": 0.1992628374126383,
      "ROUGE_L": 0.4468428977550104,
      "CIDEr": 0.631540224769116,
      "SPICE": 0.146559915558486,
      "BLEU_HM": 0.3700529454203281,
      "final_score": 0.2722523452010517,
      "num_images": 74,
      "num_gt_annotations": 370
    }
  }
}